id,name,district,latitude,longitude,inCorr,corrDist,elevation
"1255735","Sonpur","Saran","25.6934","85.1718","false","1.77","11.5"
"1257405","Sangrampur","Purba Champaran","26.4752","84.6898","false","0.12","8.5"
"1257607","Salempur","Gopalganj","26.4588","84.6517","true","0","5"
"1270525","Hajipur","Vaishali","25.6854","85.2098","false","1.4","13"
"1276248","Bhaisalotan","","27.45","83.9167","false","0.22","5.9"
"1277939","Bagaha","Pashchim Champaran","27.0992","84.09","true","0","7.1"
"8439142","Bhagwanpur","Saran","26.1902","84.8918","true","0","6.9"
"10812227","Maksudpur","Saran","25.9926","84.964","true","0","4.3"
"10812231","Basatpur","Saran","25.9907","84.9676","true","0","4.3"
"10812234","Naukarha Chhatar","Saran","25.9938","84.9834","true","0","5.4"
"10812235","Hajarpur","Saran","25.9966","84.9952","true","0","6.3"
"10812236","Mahesh Chhapra","Saran","25.9845","84.9993","true","0","4.6"
"10816705","Bhandarwa Majhar","Pashchim Champaran","26.9849","84.1602","true","0","3.8"
"10817005","Barariha","Pashchim Champaran","26.9202","84.1806","true","0","5.7"
"10817027","Raipurwa","Pashchim Champaran","26.9983","84.1967","true","0","3.9"
"10819960","Puraina","Pashchim Champaran","26.9018","84.262","true","0","2.8"
"10819986","Gardahia","Pashchim Champaran","26.889","84.2954","true","0","8.5"
"10819987","Piparpanti","Pashchim Champaran","26.8896","84.2798","true","0","4.6"
"10819988","Bharthapatti","Pashchim Champaran","26.8845","84.2972","true","0","5"
"10819989","Dhabelwa","Pashchim Champaran","26.8719","84.3112","true","0","5.5"
"10820006","Khutwania","Pashchim Champaran","26.863","84.3059","true","0","3.1"
"10820008","Gajna","Pashchim Champaran","26.8542","84.3184","true","0","1.5"
"10820024","Kursaha","Pashchim Champaran","26.8315","84.2778","true","0","3.7"
"10820025","Kharkhuta Ramnagar","Pashchim Champaran","26.8419","84.3015","true","0","3.8"
"10820042","Srinagar","Pashchim Champaran","26.8079","84.3411","true","0","4.6"
"10820044","Marpadwa","Pashchim Champaran","26.8037","84.3605","true","0","3.8"
"10820059","Bhagwanpur","Pashchim Champaran","26.7871","84.3563","true","0","2.5"
"10820501","Masan Dhab","Pashchim Champaran","26.7425","84.3774","true","0","1.1"
"10820504","Baijua","Pashchim Champaran","26.7194","84.374","true","0","1.8"
"10820545","Jagdishpur","Pashchim Champaran","26.7041","84.3944","true","0","4"
"10820546","Tola Ghusiani","Pashchim Champaran","26.7133","84.3921","true","0","3.3"
"10820547","Narayanpur","Pashchim Champaran","26.6952","84.4037","true","0","4.3"
"10820611","Tola Dih Bharauwa","Pashchim Champaran","26.6824","84.3589","true","0","4.6"
"10820612","Birwat Kundaulia","Kushinagar","26.6686","84.362","true","0","0"
"10820729","Narayanpur","Kushinagar","26.6531","84.3988","true","0","2.4"
"10820848","Rajman","Kushinagar","26.626","84.4059","true","0","2.4"
"10820949","Harpur","Gopalganj","26.6099","84.399","true","0","-1.2"
"10821293","Rampur Tengrahi","Gopalganj","26.5919","84.4481","true","0","4.8"
"10821297","Bhagwanpur","Pashchim Champaran","26.6188","84.4293","true","0","5.5"
"10821298","Panditwa Diara","Pashchim Champaran","26.6475","84.4343","true","0","2.2"
"10821309","Dih Bharauwa","Pashchim Champaran","26.6577","84.4266","true","0","1.6"
"10821361","Jolaha","","26.6336","84.4109","true","0","1.6"
"10822231","Syampur Kotraha","Pashchim Champaran","26.623","84.5013","true","0","5.7"
"10822234","Bairia","Pashchim Champaran","26.6126","84.5171","true","0","7.3"
"10822235","Rekha Sarea","Purba Champaran","26.6152","84.5303","true","0","4"
"10822236","Bharwaliya","Purba Champaran","26.6108","84.5355","true","0","4.7"
"10822250","Majhariya","Purba Champaran","26.596","84.5375","true","0","6"
"10822260","Raktu","Purba Champaran","26.5708","84.5324","true","0","6.9"
"10822262","Barharwa","Purba Champaran","26.5579","84.5504","false","0.08","8.5"
"10822265","Chintamanpur","Purba Champaran","26.5299","84.563","true","0","6.5"
"10822269","Nagdaha","Purba Champaran","26.5231","84.5606","true","0","7.1"
"10822272","Misrauliya","Purba Champaran","26.5085","84.5734","true","0","5.9"
"10822273","Siktia","Purba Champaran","26.503","84.5764","true","0","6.4"
"10822274","Loknathpur","Purba Champaran","26.5034","84.5823","true","0","6.1"
"10822507","Panre","Purba Champaran","26.5012","84.5879","true","0","4.4"
"10825537","Manjhariya","Gopalganj","26.4924","84.533","true","0","5.2"
"10825963","Tola Kinnu Ram","Gopalganj","26.4716","84.5634","true","0","3.7"
"10825964","Ban Pande","Purba Champaran","26.4946","84.5793","true","0","3.4"
"10826218","Baghwar Nizamat","Gopalganj","26.457","84.6312","true","0","5.7"
"10826219","Sarean","Purba Champaran","26.4971","84.6047","true","0","5.7"
"10826220","Ghusukwa","Purba Champaran","26.4949","84.6002","true","0","6.3"
"10826225","Nawada Gobindganj","Purba Champaran","26.4868","84.6561","true","0","7.5"
"10826229","Imlia","Purba Champaran","26.4812","84.6949","true","0","3.4"
"10826238","Bariariya Tola Rajpur","Purba Champaran","26.4567","84.7043","true","0","5.9"
"10826241","Pakri","Purba Champaran","26.4155","84.7427","false","0.06","7.8"
"10826242","Salehpur","Gopalganj","26.422","84.6942","true","0","7.1"
"10826243","Jagiraha","Gopalganj","26.4191","84.6864","false","0.08","6.8"
"10826245","Hasanpur","Gopalganj","26.443","84.6692","false","0.08","6.3"
"10826248","Amarpura","Gopalganj","26.4108","84.6903","false","0.17","7.7"
"10826249","Banjaria","Gopalganj","26.4106","84.7059","true","0","8.1"
"10826252","Rampurwa","Gopalganj","26.3929","84.7122","true","0","6.4"
"10826253","Dumariya","Purba Champaran","26.4066","84.7455","false","0.22","9.2"
"10826255","Dumaria","Gopalganj","26.3748","84.7216","true","0","5.1"
"10826264","Harpur Tengrahi","Gopalganj","26.3608","84.734","false","0.17","8.2"
"10826271","Pararia Malikan","Gopalganj","26.3523","84.7412","false","0.3","6.3"
"10826272","Khurampur Birt","Gopalganj","26.35","84.7449","false","0.12","7.9"
"10826273","Khurampur","Gopalganj","26.3474","84.7465","false","0.06","6.6"
"10826274","Pararia Nizamt","Gopalganj","26.346","84.743","false","0.17","7.1"
"10826325","Pakri","Gopalganj","26.3554","84.7457","false","0.18","7.3"
"10826328","Bishrampur Dubauliya","Gopalganj","26.3654","84.7342","false","0.24","7.3"
"10826331","Tandaspur","Gopalganj","26.366","84.7382","true","0","6.7"
"10826332","Satpatia Kalkalahi","Gopalganj","26.3474","84.7483","true","0","4"
"10828315","Rampurwa","Purba Champaran","26.403","84.7525","false","0.19","7.6"
"10828335","Saraiya Baduraha","Purba Champaran","26.394","84.7567","false","0.13","7.1"
"10828337","Bishrampur Dubauliya","Purba Champaran","26.3796","84.7681","true","0","6.3"
"10828366","Ghoghraha","Purba Champaran","26.3379","84.7679","true","0","3.8"
"10828367","Khap Pakri","Gopalganj","26.3412","84.7557","true","0","5.8"
"10828368","Man Tengrahi Basant Chapra","Gopalganj","26.339","84.7482","true","0","6.2"
"10828369","Dipau","Gopalganj","26.3512","84.7511","true","0","6.7"
"10828372","Satpatia","Gopalganj","26.3352","84.7666","true","0","6.6"
"10828373","Basant Chapra","Gopalganj","26.332","84.7535","true","0","5.2"
"10828374","Man Tengrahi Khap Sokni","Gopalganj","26.3261","84.7552","true","0","6"
"10828376","Maharani Ugarsain","Gopalganj","26.326","84.7628","true","0","6.7"
"10828377","Hathiahi","Gopalganj","26.3338","84.7683","true","0","6.9"
"10828378","Dila Tola","Gopalganj","26.3259","84.7736","true","0","6.6"
"10828379","Maharani Pandohi","Gopalganj","26.3224","84.7725","true","0","6.4"
"10828380","Santram","Gopalganj","26.3152","84.7658","true","0","7.9"
"10828381","Rana Khap","Gopalganj","26.3182","84.7699","true","0","6.4"
"10828402","Dhekaha","Purba Champaran","26.3031","84.8279","true","0","6.1"
"10828404","Usri","Gopalganj","26.2987","84.7791","true","0","6.9"
"10828406","Bandhauli","Gopalganj","26.2892","84.8036","true","0","4.8"
"10828409","Banhauli Banaura","Gopalganj","26.2825","84.7852","true","0","5.5"
"10828410","Bahrampur","Gopalganj","26.2787","84.8096","true","0","6.6"
"10828431","Dhursanda","Gopalganj","26.271","84.8112","true","0","5.1"
"10828432","Sitalpur","Gopalganj","26.2637","84.8116","true","0","4.5"
"10828433","Khobharipur","Gopalganj","26.2587","84.8237","true","0","3.9"
"10828434","Parsauni","Gopalganj","26.2526","84.8154","true","0","4.3"
"10828435","Narwar","Gopalganj","26.2535","84.8307","true","0","5.3"
"10828438","Ogar","Muzaffarpur","26.2602","84.888","true","0","4.7"
"10828439","Ahir","Muzaffarpur","26.258","84.8888","true","0","4"
"10828610","Fatehpur","Gopalganj","26.3368","84.7567","true","0","4.7"
"10828615","Mallahi","Muzaffarpur","26.2504","84.8998","true","0","6.2"
"10828944","Maria","Saran","26.1227","84.8998","true","0","5.7"
"10828948","Kondh","Saran","26.1215","84.9131","true","0","5.8"
"10828953","Basahiya","Saran","26.1582","84.8856","true","0","5.9"
"10828954","Sonbarsa","Saran","26.1596","84.8881","true","0","6.9"
"10828955","Salempur","Saran","26.1688","84.8885","true","0","5.1"
"10828956","Murwa Basahiya","Saran","26.1517","84.8922","true","0","5"
"10828965","Bhoraha","Saran","26.1353","84.8978","true","0","6.2"
"10828969","Rampur Rudar","Saran","26.1338","84.905","true","0","6.8"
"10828970","Ubhwa","Saran","26.1426","84.8966","true","0","7.3"
"10828971","Ubhwa Saraunja","Saran","26.1467","84.893","true","0","5.7"
"10828987","Mahabir Panre","Saran","26.2069","84.8757","true","0","4.3"
"10828988","Chakia","Saran","26.2148","84.8768","true","0","5.9"
"10828990","Karchulia","Saran","26.1995","84.8853","true","0","6.2"
"10828991","Pirthamipur","Saran","26.1838","84.8938","true","0","6"
"10828995","Fatehpur","Saran","26.1799","84.8877","true","0","6.9"
"10829000","Lala","Gopalganj","26.2271","84.8595","true","0","6"
"10829007","Pearepur","Gopalganj","26.2253","84.8782","true","0","6.9"
"10829008","Jadopur","Gopalganj","26.224","84.8629","true","0","4.6"
"10829011","Khaira Asha","Gopalganj","26.2216","84.8785","true","0","5.7"
"10829069","Madhopur Buzurg","Muzaffarpur","26.132","84.9587","true","0","5.9"
"10829074","Chak Deona","Muzaffarpur","26.1212","84.9561","true","0","5.8"
"10829075","Singahi","Muzaffarpur","26.1151","84.9618","false","0.24","7"
"10829078","Sanpatia","Muzaffarpur","26.1081","84.9268","true","0","5.9"
"10829096","Bijaipur","Muzaffarpur","26.0893","84.9748","true","0","5.1"
"10829097","Karamwari","Muzaffarpur","26.0837","84.9953","true","0","6.7"
"10829098","Madan Chhapra","Muzaffarpur","26.0767","84.9714","true","0","5.6"
"10829100","Pandah","Muzaffarpur","26.0955","84.992","true","0","4.8"
"10829101","Gokhula Rupauli","Muzaffarpur","26.1049","84.9858","false","0.06","6.2"
"10829103","Austi","Muzaffarpur","26.1116","84.9696","false","0.12","8.3"
"10829106","Tola Bhikam Rai","Saran","26.1043","84.9214","true","0","5.9"
"10829112","Fatehabad","Muzaffarpur","26.0652","84.9722","true","0","5.9"
"10829113","Kataro","Muzaffarpur","26.0738","84.9895","true","0","4.7"
"10829114","Ghayaspur","Muzaffarpur","26.0593","84.9892","true","0","5.1"
"10829135","Dumri Shah Muhammad","Muzaffarpur","26.0271","84.9984","true","0","4.9"
"10994486","Lagunia","Saran","25.9982","85.0004","true","0","4.5"
"11010640","Baghakol","Saran","25.9914","85.0007","true","0","6.1"
"11010641","Khalpura","Saran","25.984","85.0019","true","0","5.5"
"11010642","Dih Seraman","Saran","25.986","85.0194","true","0","6.8"
"11010643","Barhi Chak","Saran","25.9874","85.028","true","0","5"
"11010644","Parsotimpur","Saran","25.9834","85.0094","true","0","4.7"
"11010647","Chanila","Saran","25.972","85.0214","true","0","6.1"
"11010648","Dih","Saran","25.978","85.0271","true","0","4.9"
"11010649","Patmanawar","Saran","25.9815","85.0254","true","0","3.3"
"11010651","Dadanpur","Saran","25.9859","85.0387","true","0","6.8"
"11010652","Haranbandh","Saran","25.9831","85.0482","true","0","6.3"
"11010653","Tahara","Saran","25.9774","85.0541","true","0","5.8"
"11010654","Oli Miankatola","Saran","25.9759","85.0379","true","0","4.5"
"11010655","Gori Rautkatola","Saran","25.9693","85.0326","true","0","4.8"
"11010656","Shivo Mahantkatola","Saran","25.9736","85.0461","true","0","6.2"
"11010657","Chandpatti","Saran","25.972","85.0574","true","0","7.4"
"11010658","Ajodhpur","Muzaffarpur","26.0006","85.04","true","0","6.3"
"11010659","Sohilapatti","Muzaffarpur","25.9974","85.0553","true","0","5.3"
"11010669","Chak Pitambar","Vaishali","25.9687","85.0781","true","0","6.6"
"11010671","Rukanbada","Saran","25.9683","85.058","true","0","6.1"
"11010693","Ahir","Saran","25.9605","85.042","true","0","4.1"
"11010694","Masuriaganj","Saran","25.9447","85.0569","true","0","5.8"
"11010696","Kohra","Saran","25.9336","85.0567","true","0","7"
"11010697","Chak Allahdad","Vaishali","25.9505","85.086","false","0.27","9.1"
"11010698","Phular","Vaishali","25.9657","85.0816","false","0.12","9.2"
"11010699","Simra","Vaishali","25.9606","85.0785","false","0.22","6"
"11010701","Husainpur","Vaishali","25.9567","85.0939","true","0","7.1"
"11010702","Allahdadpur","Vaishali","25.9425","85.0839","true","0","7.7"
"11010704","Habibpur","Vaishali","25.9484","85.096","false","0.24","7.2"
"11010733","Hasanpura","Saran","25.9297","85.0742","true","0","8.3"
"11010734","Sultanpur","Saran","25.9291","85.071","true","0","7.6"
"11010735","Barwe","Saran","25.9271","85.0742","true","0","6.9"
"11010741","Balhatola","Saran","25.9133","85.0817","true","0","6.9"
"11010742","Murahi","Saran","25.9218","85.087","true","0","3.5"
"11010743","Baligaon","Saran","25.9169","85.0922","true","0","5.9"
"11010744","Bahlolpur Jalaluddin","Saran","25.906","85.0979","true","0","0.5"
"11010745","Bandi Chhapra","Saran","25.9063","85.0848","true","0","6.8"
"11010746","Chak Rasul","Vaishali","25.9328","85.1054","true","0","6.1"
"11010747","Bariarpur","Vaishali","25.9296","85.0969","true","0","5.8"
"11010748","Almanpur","Vaishali","25.9267","85.1159","false","0.08","6.7"
"11010749","Hasanpur","Vaishali","25.9314","85.1174","false","0.47","7.4"
"11010752","Salempur","Vaishali","25.9201","85.1221","false","0.42","8.5"
"11010756","Bailka","Vaishali","25.9142","85.1281","false","0.85","7.9"
"11010757","Jafrabad","Vaishali","25.9066","85.1244","false","0.3","7.2"
"11010778","Bhikhari Chhapra","Saran","25.9001","85.0857","true","0","6.4"
"11010779","Babhanganwan","Saran","25.9055","85.079","true","0","6.3"
"11010781","Bahlolpur Kalu","Saran","25.9008","85.101","true","0","4.2"
"11010782","Mankimanmal","Saran","25.8931","85.0932","true","0","10.3"
"11010783","Chakia","Saran","25.8868","85.0963","true","0","6.1"
"11010788","Khanjahan Chak","Vaishali","25.8926","85.119","false","0.18","7.1"
"11010789","Khajauti","Vaishali","25.8863","85.1183","false","0.06","7.7"
"11010790","Keshopur","Vaishali","25.8833","85.1192","false","0.12","7.7"
"11010791","Etwarpur Nizamat","Vaishali","25.8824","85.1371","false","1.78","6.2"
"11010792","Tajpur","Vaishali","25.8793","85.1212","false","0.13","7.7"
"11010793","Pirapur","Vaishali","25.8694","85.1269","false","0.3","8.1"
"11010794","Jalalpur Gopi Malik","Vaishali","25.8764","85.1487","false","2.36","7.2"
"11010796","Yusufpur","Vaishali","25.8896","85.1379","false","1.97","8.8"
"11010797","Sarandia","Vaishali","25.8955","85.1333","false","1.44","8.2"
"11010826","Barwe","Saran","25.864","85.104","true","0","6.4"
"11010827","Karam Chak","Saran","25.859","85.109","true","0","8.1"
"11010828","Edilpur","Saran","25.8574","85.1197","true","0","8.5"
"11010829","Turki","Saran","25.8531","85.1242","true","0","9.7"
"11010830","Belahar Fattu","Saran","25.8464","85.1349","true","0","7.3"
"11010832","Jhauatola","Saran","25.8496","85.1223","true","0","6.7"
"11010833","Darihara Chaturbhuj","Saran","25.8468","85.1291","true","0","6.1"
"11010834","Konhwa","Saran","25.8414","85.1451","false","0.18","6.4"
"11010835","Jalalpur","Vaishali","25.8695","85.1519","false","1.95","9"
"11010858","Darihara Nisakh","Saran","25.8348","85.1444","false","0.38","9.2"
"11010859","Darihara Bhual","Saran","25.8307","85.1436","false","0.67","7.9"
"11010880","Mangarpal Naran","Saran","25.7947","85.1561","false","0.3","7.9"
"11010881","Darbesha","Saran","25.8058","85.1538","false","0.48","7.2"
"11010910","Dariapur","Saran","25.764","85.1691","false","0.18","9.5"
"11010911","Chhapra","Saran","25.7578","85.1687","false","0.24","10.2"
"11010912","Akilpur","Saran","25.7691","85.1681","false","0.19","8.9"
"11010913","Barua","Saran","25.7786","85.1665","false","0.12","9.8"
"11010914","Harauli Fatehpur","Vaishali","25.7655","85.1919","false","1.16","9.7"
"11010915","Jazira Ismailpur","Vaishali","25.7574","85.1919","false","1.15","9.1"
"11010916","Manua","Vaishali","25.7554","85.2016","false","0.67","9"
"11010917","Arazi Shahbazpur","Vaishali","25.7738","85.2003","false","0.43","7.2"
"11010918","Chak Nur","Vaishali","25.774","85.2036","false","0.17","6.3"
"11010919","Daulatpur Chandi","Vaishali","25.7814","85.1955","false","0.32","8.2"
"11010927","Kushalpur","Saran","25.7839","85.1673","false","0.12","9.1"
"11010928","Mangarpal Murtaza","Saran","25.7932","85.1621","false","0.51","6.8"
"11010929","Dhanuki","Vaishali","25.8032","85.1873","false","0.3","7.6"
"11010930","Balai Chak","Vaishali","25.8152","85.1784","false","0.59","8.4"
"11010939","Ghataro Chaturbhuj","Vaishali","25.8146","85.1862","false","0.6","9.2"
"11010940","Basanta","Vaishali","25.8238","85.1741","false","0.42","8.7"
"11010941","Namidih","Vaishali","25.8321","85.1806","false","0.8","6.9"
"11010955","Pujhian","Vaishali","25.8412","85.179","false","0.54","8.1"
"11010956","Basanta Jahanabad","Vaishali","25.8372","85.1697","false","0.3","7.3"
"11010957","Ataullahpur","Vaishali","25.8489","85.1703","false","0.93","9.4"
"11011050","Machhei","Saran","25.9787","85.0085","true","0","4.3"
"11011054","Ekderwa Masuria","Saran","25.931","85.0636","true","0","5.7"
"11011059","Ratanpurdih","Muzaffarpur","26.0024","85.0303","true","0","2.4"
"11011638","Asdharpur","Vaishali","25.7413","85.2049","false","1.7","10"
"11011639","Madarpur","Vaishali","25.738","85.2027","false","2.03","9.6"
"11011640","Bakarpur","Vaishali","25.7345","85.2012","false","1.69","9.7"
"11011641","Shiorampur Dumri","Vaishali","25.7424","85.1942","false","1.48","11.7"
"11011644","Kuard Khurd","Vaishali","25.7273","85.2148","false","1.86","12.2"
"11011648","Baladhari","Vaishali","25.7217","85.2175","false","1.94","9.2"
"11011650","Panapur Gobrahi","Vaishali","25.7178","85.218","false","1.85","9.3"
"11011654","Fakharabad","Saran","25.725","85.1688","false","1.11","9.9"
"11011655","Baijalpur Jamuni","Saran","25.7217","85.1799","false","0.18","11.3"
"11011657","Adalbari","Vaishali","25.7047","85.2095","false","0.87","10.3"
"11011658","Hathsarganj","Vaishali","25.7098","85.2059","false","0.48","12.6"
"11011659","Naurangabad","Vaishali","25.712","85.2175","false","1.68","9.6"
"11011660","Chak Chandaleh","Vaishali","25.713","85.2106","false","0.98","11.6"
"11011661","Chak Bhuj","Vaishali","25.7209","85.2065","false","0.93","12"
"11011662","Semara","Saran","25.7339","85.175","false","0.13","10.3"
"11011663","Kalyanpur","Saran","25.7361","85.1728","false","0.24","9.1"
"11011664","Akilabad","Vaishali","25.7289","85.1987","false","1.08","12"
"11011665","Godai Sarai","Vaishali","25.7298","85.2037","false","1.42","10"
"11011666","Chandaleh","Vaishali","25.7228","85.2038","false","0.89","11.4"
"11011667","Moazampur","Vaishali","25.7368","85.2127","false","1.42","8.4"
"11011668","Chak Nur","Vaishali","25.7331","85.2036","false","1.69","10"
"11011669","Purwa","Vaishali","25.7306","85.2135","false","1.73","10.1"
"11011670","Ghauspur Ljra","Vaishali","25.7347","85.2139","false","1.42","7.9"
"11011677","Chak Rabia","Vaishali","25.743","85.2124","false","1.21","7.6"
"11011679","Raidih","Vaishali","25.7477","85.1937","false","1.37","10.7"
"11011686","Bagh Mali Chak","Vaishali","25.6982","85.2043","false","0.73","11.2"
"11011687","Mani Musa","Vaishali","25.6986","85.2139","false","1.55","12.5"
"11011688","Minapur Rai","Vaishali","25.7386","85.1943","false","1.36","10.8"
"11011725","Bangali Diara","Saran","25.6421","85.1582","false","0.76","9.1"
"11011726","Sabbalpur Diara","Saran","25.645","85.1799","true","0","0"
"11011727","Naikatola","Saran","25.663","85.1766","false","0.22","11.8"
"11011728","Pachhmitola","Saran","25.6673","85.1609","false","0.12","10.8"
"11011739","Rampur Madho","Saran","25.6884","85.1828","false","0.84","13.7"
"11011740","Sawaich","Saran","25.696","85.1855","false","0.45","13.2"
"11011742","Tangaul","Vaishali","25.6952","85.1978","false","0.18","12.9"
"11011747","Ram Bhadar","Vaishali","25.6772","85.2048","false","0.85","11.7"
"11011755","Barbatta","Saran","25.7031","85.172","false","1.51","9"
"11011756","Barjalpur","Saran","25.7158","85.1774","false","0.53","10.8"
"11011757","Sikatia","Saran","25.7146","85.1747","false","0.85","12.1"
"11011758","Damodarpur","Saran","25.7138","85.1779","false","0.59","13"
"11011759","Akbarpur","Saran","25.6859","85.1875","false","0.36","14.9"
"11011763","Anadpur","Saran","25.7027","85.1816","false","0.6","10.1"
"11011774","Sabbalpur","Saran","25.6734","85.1702","false","1.14","13.9"
"13429280","Bhagwanpur","Saran","26.1124","84.9168","true","0","6.7"
"13430441","Bhatha","Saran","25.9548","85.0592","true","0","6.9"
"3453007353","Bhedabari","","27.6919525","84.3046264","false","0.83","18.6"
"3480234106","Shringa","","27.8044904","84.3098908","false","10.59","567.7"
"3484124676","Kota","","27.7887115","84.3453364","false","8.66","1182.8"
"3524108732","Amarapuri","","27.6883105","84.2642668","false","2.03","24.8"
"3529336790","Bhokataghari","","27.6771195","84.2388151","false","3.33","23.5"
"3529336791","Kujauli","","27.6663717","84.2390151","false","2.74","13.9"